{
  "제목": "빵 없는 감자브런치?! 감드위치♥",
  "설명": "맛있는 햇감자로 만든 브런치메뉴 샌드위치를 빵 대신 감자로 만들었어요! 포근포근한 감자로 맛있는 브런치 만들어보세요 :) 세상의모든레시피 만개의레시피",
  "serving": "1인분",
  "조리시간": "60분 이내",
  "난이도": "초급",
  "재료": {
    "공통재료": [
      {"이름": "감자", "양": "1+1/2개"},
      {"이름": "올리브유", "양": "적당량"},
      {"이름": "소금", "양": "약간"},
      {"이름": "후추", "양": "약간"},
      {"이름": "청상추", "양": "2장"},
      {"이름": "토마토", "양": "1/2개"},
      {"이름": "슬라이스치즈", "양": "1장"},
      {"이름": "베이컨", "양": "1줄"}
    ],
    "홀랜다이즈 소스": [
      {"이름": "달걀 노른자", "양": "1개"},
      {"이름": "무염버터", "양": "40g"},
      {"이름": "레몬즙", "양": "1/2숟가락"},
      {"이름": "소금", "양": "약간"},
      {"이름": "후추", "양": "약간"}
    ]
  },
  "조리도구": [
    "칼",
    "도마",
    "나무 젓가락",
    "나무꼬치",
    "에어프라이어",
    "팬",
    "냄비",
    "거품기",
    "접시"
  ],
  "조리순서": [
    {
      "단계": 1,
      "설명": "감자는 2cm 두께로 썰어 앞뒤로 칼집을 넣는다. 앞면은 직선, 뒷면은 사선으로 칼집을 넣어요. 나무 젓가락을 놓으면 쉽게 칼집을 넣을 수 있어요."
    },
    {
      "단계": 2,
      "설명": "감자를 나무꼬치에 꽂아 늘린 후 올리브유, 소금, 후추를 뿌린다."
    },
    {
      "단계": 3,
      "설명": "에어프라이어에 넣고 200℃에서 10분, 뒤집고 10분 굽는다."
    },
    {
      "단계": 4,
      "설명": "토마토는 1cm 두께로 썰고 베이컨, 아스파라거스는 팬에 올리브유를 두르고 굽는다. 베이컨은 3등분 해 준비해요."
    },
    {
      "단계": 5,
      "설명": "끓는 물에 식초를 넣고 회오리를 만든 후 달걀을 넣어 수란을 만든다."
    },
    {
      "단계": 6,
      "설명": "[홀랜다이즈 소스] 달걀 노른자에 녹인 버터를 조금씩 넣어가며 계속 저은 후 레몬즙, 소금, 후추를 넣어 소스를 만든다. 버터는 녹인 후 너무 뜨겁지 않게 준비해요."
    },
    {
      "단계": 7,
      "설명": "[감드위치] 구운 감자>상추>토마토>베이컨>치즈>구운 감자 순으로 올려 완성한다. 에그스크램블을 만들어 넣어도 좋아요."
    }
  ]
}
