{
  "제목": "이것은 감자전인가 피자인가?! 감자롤피자 만들기",
  "설명": "피자 도우 대신 감자채를 돌돌~ 말아봐요! 손에 딱 들고 한 입 앙~ 베어물면 왠지 미쿡 길거리 음식 느낌 날 것 같음 ^.^ 세상의모든레시피 만개의레시피",
  "serving": "2인분",
  "조리시간": "30분 이내",
  "난이도": "아무나",
  "재료": [
    {"이름": "감자", "양": "4개"},
    {"이름": "감자전분", "양": "4숟가락"},
    {"이름": "토마토소스", "양": "5숟가락"},
    {"이름": "양파", "양": "1/4개"},
    {"이름": "표고버섯", "양": "2개"},
    {"이름": "체다치즈", "양": "3장"},
    {"이름": "피자치즈", "양": "1종이컵"},
    {"이름": "소금", "양": "약간"},
    {"이름": "후추", "양": "약간"},
    {"이름": "올리브유", "양": "약간"}
  ],
  "조리도구": [
    "채칼",
    "볼",
    "오븐",
    "오븐팬",
    "칼",
    "도마",
    "브러시"
  ],
  "조리순서": [
    {
      "단계": 1,
      "설명": "감자를 곱게 채 썬다."
    },
    {
      "단계": 2,
      "설명": "물에 담가 전분을 제거한 후 물기를 제거한다."
    },
    {
      "단계": 3,
      "설명": "물기를 제거한 감자에 전분, 소금, 후추를 넣고 고루 섞는다."
    },
    {
      "단계": 4,
      "설명": "오븐 팬에 넓게 펼쳐 180도 예열된 오븐에 15분간 굽는다."
    },
    {
      "단계": 5,
      "설명": "양파는 채 썰고, 표고버섯은 모양대로 채 썬다."
    },
    {
      "단계": 6,
      "설명": "구워진 감자>체다치즈>피자소스>양파, 표고버섯, 피자치즈를 올린다."
    },
    {
      "단계": 7,
      "설명": "돌돌말아 올리브유를 바르고 후추를 뿌린다."
    },
    {
      "단계": 8,
      "설명": "200도로 예열된 오븐에 10분간 다시 구워 완성한다."
    }
  ]
}
