{
  "제목": "Like 피자? 브런치 느낌으로 만든 감자전! 감자달걀전",
  "설명": "햇감자로 만들어 본 감자달걀전! 감자에 달걀을 부어봐요! 막걸리 안주로 어울렸던 감자전 말고 브런치로 든든한 한 끼가 되는 감자전이랍니다~ 여유로운 주말 아침에 만들어보기♥ 세상의모든레시피 만개의레시피",
  "serving": "2인분",
  "조리시간": "20분 이내",
  "난이도": "아무나",
  "재료": [
    {"이름": "감자", "양": "1개"},
    {"이름": "달걀", "양": "1개"},
    {"이름": "쪽파", "양": "1줄기"},
    {"이름": "피자치즈", "양": "2숟가락"},
    {"이름": "파프리카가루", "양": "1꼬집"},
    {"이름": "버터", "양": "2조각"},
    {"이름": "소금", "양": "약간"},
    {"이름": "후추", "양": "약간"},
    {"이름": "식용유", "양": "약간"}
  ],
  "조리도구": [
    "도마",
    "칼",
    "볼",
    "팬 (독일 베카 무쇠시즈닝 팬 추천)",
    "뚜껑",
    "그릇"
  ],
  "조리순서": [
    {
      "단계": 1,
      "설명": "감자는 슬라이스 하고 쪽파는 송송 썬다."
    },
    {
      "단계": 2,
      "설명": "달걀을 풀어 쪽파를 넣고 섞는다."
    },
    {
      "단계": 3,
      "설명": "팬에 버터를 녹이고 슬라이스 한 감자를 조금씩 겹쳐 올린 후 소금, 후추를 뿌린다."
    },
    {
      "단계": 4,
      "설명": "감자를 한번 뒤집은 후 달걀물을 붓고 피자치즈를 뿌린 후 뚜껑을 덮고 익힌다."
    },
    {
      "단계": 5,
      "설명": "그릇에 담고 파프리카가루를 뿌려 완성한다."
    }
  ]
}
