{
  "제목": "고기듬뿍 짜장면 만들기 만드는법레시피 Korean Jajangmyeon",
  "설명": "사다놓은 고기가 있어 고기를 듬뿍 넣고 짜장면을 만들어 봤습니다. 워낙 짜장면을 좋아해서 자주 해먹는 메뉴에요~",
  "serving": "2인분",
  "조리시간": "30분 이내",
  "난이도": "아무나",
  "재료": [
    {"이름": "돼지고기", "양": "450g"},
    {"이름": "양파", "양": "2개"},
    {"이름": "배춧잎", "양": "10장"},
    {"이름": "호박", "양": "1/3개"},
    {"이름": "대파", "양": "1대"},
    {"이름": "춘장", "양": "1+1/2큰술"},
    {"이름": "다진생강", "양": "1/2큰술"},
    {"이름": "다진마늘", "양": "1큰술"},
    {"이름": "간장", "양": "2큰술"},
    {"이름": "설탕", "양": "1+1/2큰술"},
    {"이름": "식용유", "양": "적당량"},
    {"이름": "굴소스", "양": "1큰술"},
    {"이름": "후추", "양": "약간"},
    {"이름": "소금", "양": "약간"},
    {"이름": "물", "양": "1+1/2컵"},
    {"이름": "물전분", "양": "적당량"},
    {"이름": "생면", "양": "적당량"},
    {"이름": "맛술 또는 소주", "양": "약간"}
  ],
  "조리도구": [
    "칼",
    "도마",
    "팬",
    "볼",
    "국자",
    "접시"
  ],
  "조리순서": [
    {
      "단계": 1,
      "설명": "채소를 손질합니다. 양파, 호박은 깍둑썰기, 배추도 먹기 좋게 썰어주세요. 파는 슬라이스해주세요."
    },
    {
      "단계": 2,
      "설명": "팬에 기름을 넉넉히 두르고 춘장을 약불에 1분정도 볶아주세요. 볶아준 춘장은 따로 그릇에 담아주세요."
    },
    {
      "단계": 3,
      "설명": "춘장 볶았던 기름으로 파를 넣고 파기름을 내주세요."
    },
    {
      "단계": 4,
      "설명": "고기를 듬뿍 넣어주세요."
    },
    {
      "단계": 5,
      "설명": "다진 마늘, 다진 생강으로 잡내를 날려주시고, 맛술(또는 소주)을 넣어줍니다."
    },
    {
      "단계": 6,
      "설명": "간장 2큰술, 설탕 1큰술 반, 굴소스 1큰술을 넣어주세요."
    },
    {
      "단계": 7,
      "설명": "따로 담아둔 볶아진 춘장을 섞어주세요."
    },
    {
      "단계": 8,
      "설명": "소금과 후추를 더해주시고, 물 1컵 반을 부어줍니다."
    },
    {
      "단계": 9,
      "설명": "부글부글 끓여주고, 전분물을 넣어 골고루 섞어주세요."
    },
    {
      "단계": 10,
      "설명": "마지막으로 한번 더 볶아주면 끝입니다."
    },
    {
      "단계": 11,
      "설명": "생면을 준비해주세요. 면 위에 소스를 부어주면 짜장면 완성!"
    }
  ]
}
