{
  "제목": "국물이 시원하고 진한 소갈비탕 끓이는법 (feat. 갈비탕 겨자소스 레시피)",
  "설명": "이름만 들어도 왠지 번거롭고 어려울것 같은 갈비탕. 사실 끓이는데 시간만 투자하면 어렵지 않아요 :)",
  "serving": "6인분 이상",
  "조리시간": "2시간 이상",
  "난이도": "초급",
  "재료": {
    "필수재료": [
      {"이름": "소갈비", "양": "2.3kg"},
      {"이름": "소갈비살", "양": "200g"},
      {"이름": "물", "양": "8L"},
      {"이름": "소고기다시다", "양": "2큰술"},
      {"이름": "맛소금", "양": "1큰술"}
    ],
    "육수재료": [
      {"이름": "무", "양": "1/3개"},
      {"이름": "양파", "양": "1개"},
      {"이름": "다시마", "양": "5장"},
      {"이름": "대추", "양": "15개"},
      {"이름": "통마늘", "양": "15개"},
      {"이름": "대파", "양": "2대"},
      {"이름": "통후추", "양": "1큰술"}
    ],
    "갈비조리기": [
      {"이름": "다진마늘", "양": "3큰술"},
      {"이름": "진간장", "양": "5큰술"},
      {"이름": "설탕", "양": "3큰술"},
      {"이름": "물", "양": "2L"}
    ],
    "겨자소스": [
      {"이름": "맛간장", "양": "4큰술"},
      {"이름": "양조식초", "양": "2큰술"},
      {"이름": "설탕", "양": "1.5큰술"},
      {"이름": "연겨자", "양": "1작은술"}
    ],
    "고명": [
      {"이름": "당면", "양": "적당량"},
      {"이름": "계란", "양": "2개"},
      {"이름": "대파", "양": "1대"}
    ]
  },
  "조리도구": [
    "큰 양푼",
    "냄비",
    "체",
    "가위",
    "칼",
    "도마",
    "육수주머니",
    "큰 솥",
    "주걱",
    "팬",
    "그릇"
  ],
  "조리순서": [
    {
      "단계": 1,
      "설명": "해동된 상태의 고기를 준비합니다.",
      "팁": "갈비만 2.3kg 써도되지만 소고기 양지나 사태등을 200~300g 정도 추가로 넣으면 더 진하고 맛있는 갈비탕을 만들수 있어요."
    },
    {
      "단계": 2,
      "설명": "갈비가 담길만한 큰 양푼에 갈비를 넣고 갈비가 잠기도록 물을 붓고 30분~1시간정도 담궈 핏물을 빼줍니다."
    },
    {
      "단계": 3,
      "설명": "갈비를 흐르는 물에 씻어 핏물을 마저 제거하고 냄비에 담아줍니다."
    },
    {
      "단계": 4,
      "설명": "갈비가 잠길정도로 물을 붓고 뚜껑을 열고 중불에서 10~13분정도 끓여줍니다."
    },
    {
      "단계": 5,
      "설명": "불을끄고 물을 버리면서 냄비에 있던 갈비를 체에 걸러줍니다. 고기는 찬물에 한번 더 살짝 헹궈 줍니다."
    },
    {
      "단계": 6,
      "설명": "큼직한 고기는 중간중간 가위집을 내주고"
    },
    {
      "단계": 7,
      "설명": "기름기는 제거합니다."
    },
    {
      "단계": 8,
      "설명": "무는 큼직하게 썰고~"
    },
    {
      "단계": 9,
      "설명": "양파도 반을 갈라 큼직하게 조각 내줍니다."
    },
    {
      "단계": 10,
      "설명": "대파, 통마늘, 대추는 물에 깨끗이 씻어 준비합니다."
    },
    {
      "단계": 11,
      "설명": "육수주머니에 통후추, 다시마, 통마늘, 대추, 양파를 넣어줍니다."
    },
    {
      "단계": 12,
      "설명": "입구를 꼭 묶어주세요.",
      "팁": "육수주머니를 만들어 넣으면 나중에 건져내기 편해서 더 쉽게 조리할수 있어요 :)"
    },
    {
      "단계": 13,
      "설명": "큰 솥에 손질한 갈비와 물 8L, 무, 파, 육수주머니를 넣고 끓여줍니다."
    },
    {
      "단계": 14,
      "설명": "뚜껑을 열고 센불로 30분정도 끓이고 중불로 줄여 50분 정도 더 끓여줍니다."
    },
    {
      "단계": 15,
      "설명": "떠오르는 부유물은 중간중간 주걱으로 제거해 줍니다."
    },
    {
      "단계": 16,
      "설명": "센불 3분, 중불 50분 해서 1시간 20분 정도 끓이고 육수주머니와 대파, 무를 건져 내고 불을 끕니다. 그리고 체로 갈비만 따로 건져 냅니다."
    },
    {
      "단계": 17,
      "설명": "건져낸 무는 한김 식혀 나박썰기 합니다."
    },
    {
      "단계": 18,
      "설명": "당면 좋아하시는 분들은 당면도 미리 물에 불려 두세요."
    },
    {
      "단계": 19,
      "설명": "건져낸 갈비는 다른 냄비로 옮겨 담고 다진마늘, 진강장, 설탕, 물을 넣고 고기와 섞어줍니다."
    },
    {
      "단계": 20,
      "설명": "뚜껑을 열고 센불로 졸여줍니다. 국물이 거의 없게 졸아들면 다 된거에요.",
      "팁": "갈비를 따로 양념해서 졸이면 갈비에 양념도 베고 국물맛도 더 좋아져요 :)"
    },
    {
      "단계": 21,
      "설명": "갈비탕 국물에 소고기 다시다 2큰술"
    },
    {
      "단계": 22,
      "설명": "맛소금 한스푼 깎아서 넣어 국물 간을 맞춰줍니다.",
      "팁": "간은 기호에 맞게 소금을 가감하여 맞춰 주세요."
    },
    {
      "단계": 23,
      "설명": "갈비탕 국물에 무와 조린갈비를 모두 넣고 뚜껑을 열고 중불에서 15~20분정도 한소끔 더 끓여줍니다."
    },
    {
      "단계": 24,
      "설명": "끓이면서 위에 뜨는 기름은 걷어내 주세요.",
      "팁": "기름을 완벽하게 제거하려면 실온에서 식힌 갈비탕을 냉장고에 넣어두면 기름이 위에 하얗게 굳어서 떠있어요. 그 기름만 걷어내면 맛이 더 깔끔하고 담백해져요 :)"
    },
    {
      "단계": 25,
      "설명": "데코를 위해 지단도 간단하게 만들어 봤어요. 지단은 흰자, 노른자를 따로 분리해서 만들거라 그릇에 계란흰자와 노른자를 분리해서 담고 젓가락으로 잘 풀어 준비합니다."
    },
    {
      "단계": 26,
      "설명": "팬에 기름을 살짝 두르고 키친타올로 닦아 내어 최소한의 기름만 남겨둡니다. 불은 약한불로 두고 팬이 달궈지면 흰자를 부어 줍니다. 한쪽면이 익으면 뒤집고 불을 끕니다."
    },
    {
      "단계": 27,
      "설명": "노른자도 흰자와 마찬가지로 만들어 주세요."
    },
    {
      "단계": 28,
      "설명": "만들어진 지단은 한김 식힌 뒤 칼로 일정한 크기로 썰어줍니다."
    },
    {
      "단계": 29,
      "설명": "고명으로 넣을 파도 썰어줍니다."
    },
    {
      "단계": 30,
      "설명": "한그릇 분량만 덜어내어 불린당면을 넣고 끓여줍니다."
    },
    {
      "단계": 31,
      "설명": "당면만 익으면 불을 끄고 드시면 돼요 :)"
    },
    {
      "단계": 32,
      "설명": "그릇에 고기, 당면, 무를 골고루 담고 국물을 덜어 담아 냅니다. 고명으로 만들어 놓은 지단과 파를 올려주면 더 먹음직스러운 갈비탕이 됩니다 :)"
    },
    {
      "단계": 33,
      "설명": "이런 탕류에 있는 고기는 겨자간장소스가 필수!! ㅎㅎ 맛간장4T, 식초2T, 설탕1.5T, 연겨자1ts를 넣고 잘 섞어주기만 하면 끝!! 만들기도 완전 간단하니 꼭 만들어서 곁들여 드셔 보세요 :)"
    }
  ],
  "팁": "* 팽이버섯이 있으신 분들은 팽이버섯도 고명으로 올리고 같이 먹으면 모양도 예쁘고 맛있어요 :)"
}