{
  "제목": "김치+피자+탕수육? 이 아니라 치킨! 김피치",
  "설명": "김치+피자+탕수육? 이 아니라 치킨! 갖은 야채와 볶은 김치에 치킨 넣고 피자치즈를 듬뿍 올려 만든 김피치! 비주얼은 이래도 맛는 보장된다구요!",
  "serving": "2인분",
  "조리시간": "30분 이내",
  "난이도": "아무나",
  "재료": {
    "주재료": [
      {"이름": "순살 치킨", "양": "350g"},
      {"이름": "김치", "양": "1종이컵"},
      {"이름": "양파", "양": "1/4개"},
      {"이름": "노란파프리카", "양": "1/4개"},
      {"이름": "빨간파프리카", "양": "1/4개"},
      {"이름": "양송이버섯", "양": "3개"},
      {"이름": "옥수수콘", "양": "1숟가락"},
      {"이름": "식용유", "양": "2~3숟가락"},
      {"이름": "피자치즈", "양": "1종이컵"},
      {"이름": "파슬리가루", "양": "약간"}
    ],
    "소스": [
      {"이름": "양념치킨소스", "양": "2숟가락"},
      {"이름": "간장", "양": "1숟가락"},
      {"이름": "설탕", "양": "1숟가락"},
      {"이름": "토마토소스", "양": "3숟가락"},
      {"이름": "물", "양": "1/3종이컵"}
    ]
  },
  "조리도구": [
    "에어프라이어",
    "칼",
    "도마",
    "팬",
    "그릇",
    "전자레인지"
  ],
  "조리순서": [
    {
      "단계": 1,
      "설명": "순살치킨에 기름을 뿌리고, 에어프라이어 200도에서 13분간 구워요.",
      "도구": ["에어프라이어"]
    },
    {
      "단계": 2,
      "설명": "양파, 파프리카, 양송이버섯은 먹기 좋게 썰어요.",
      "도구": ["칼", "도마"]
    },
    {
      "단계": 3,
      "설명": "팬에 식용유를 두르고 양파, 버섯을 볶은 다음 파프리카와 김치를 넣고 볶아요.",
      "도구": ["팬"]
    },
    {
      "단계": 4,
      "설명": "옥수수콘, 소스 재료를 모두 넣고 함께 볶아요."
    },
    {
      "단계": 5,
      "설명": "그릇에 치킨, 소스를 담고 피자치즈 뿌려요.",
      "도구": ["그릇"]
    },
    {
      "단계": 6,
      "설명": "전자레인지에 2분간 돌려준 다음 파슬리가루를 뿌려요.",
      "도구": ["전자레인지"]
    }
  ]
}
