{
  "제목": "야식하면 라면 .김치 콩나물 넣어 아삭하게~",
  "설명": "라면이 없다면 상상만해도 끔찍하죠. 밤에 배고픔을 달래주는 라면 . 출출할때 한그릇~",
  "serving": "1인분",
  "조리시간": "15분 이내",
  "난이도": "아무나",
  "재료": {
    "주재료": [
      {"이름": "라면", "양": "1봉지"},
      {"이름": "대파", "양": "1/2줄기"},
      {"이름": "콩나물", "양": "1주먹"},
      {"이름": "김치", "양": "30g"}
    ],
    "양념": [
      {"이름": "고추가루", "양": "1t"},
      {"이름": "통깨", "양": "0.5t"}
    ],
    "추가재료": [
      {"이름": "달걀", "양": "1개 (노른자만)"}
    ]
  },
  "조리도구": [
    "칼",
    "도마",
    "냄비",
    "집게",
    "국자",
    "그릇"
  ],
  "조리순서": [
    {
      "단계": 1,
      "설명": "대파, 콩나물, 김치를 썰어 준비합니다. 대파는 4cm 길이로 채썰고, 콩나물은 한번 씻어줍니다."
    },
    {
      "단계": 2,
      "설명": "냄비에 물 500ml를 붓고 스프를 넣습니다."
    },
    {
      "단계": 3,
      "설명": "김치를 먼저 넣고, 그 후 콩나물을 넣습니다."
    },
    {
      "단계": 4,
      "설명": "라면을 넣고 집게로 면을 치대면서 끓입니다."
    },
    {
      "단계": 5,
      "설명": "고추가루 1t를 넣고 면이 익을 때까지 끓입니다."
    },
    {
      "단계": 6,
      "설명": "면이 익으면 불을 끄고 그릇에 담습니다."
    },
    {
      "단계": 7,
      "설명": "그릇에 담은 라면 위에 달걀 노른자를 올리고, 파채를 올린 후 통깨를 뿌려 완성합니다."
    }
  ]
}
