{
  "제목": "꾸떡하고 고소한 떡볶이만들기! 눅진한 까르보떡볶이 ♥",
  "설명": "크림과 노른자를 넣어 만든 눅진한 떡볶이?! 이제까지 먹었던 떡복이 중 가장 고소한 떡볶이! 치즈떡을 넣어 더 고소하고 쫀쫀해요! 남녀노소 + 맵찔이까지 먹을 수 있는 떡볶이 간식으로 맛있는 하루보내요! 세사의모든레시피 만개의레시피",
  "serving": "2인분",
  "조리시간": "20분 이내",
  "난이도": "아무나",
  "재료": [
    {"이름": "치즈떡 또는 떡볶이떡", "양": "400g"},
    {"이름": "베이컨", "양": "2줄"},
    {"이름": "양파", "양": "1/4개"},
    {"이름": "버터", "양": "1숟가락"},
    {"이름": "생크림", "양": "1/2종이컵"},
    {"이름": "파마산치즈가루", "양": "3숟가락"},
    {"이름": "달걀 노른자", "양": "2개"},
    {"이름": "소금", "양": "약간"},
    {"이름": "후추", "양": "약간"},
    {"이름": "올리브유", "양": "1숟가락"}
  ],
  "조리도구": [
    "큰 볼",
    "체",
    "칼",
    "도마",
    "작은 볼",
    "팬",
    "주걱",
    "접시"
  ],
  "조리순서": [
    {
      "단계": 1,
      "설명": "뜨거운 물에 치즈떡을 불려 찬물에 헹군다. 물기를 제거한다.",
      "도구": ["큰 볼", "체"]
    },
    {
      "단계": 2,
      "설명": "양파를 채 썰고, 베이컨은 1cm 길이로 썬다.",
      "도구": ["칼", "도마"]
    },
    {
      "단계": 3,
      "설명": "생크림, 파마산 치즈가루, 노른자를 섞어 달걀물을 만든다.",
      "도구": ["작은 볼"]
    },
    {
      "단계": 4,
      "설명": "팬에 올리브유, 버터를 녹인 후 베이컨을 볶는다.",
      "도구": ["팬", "주걱"]
    },
    {
      "단계": 5,
      "설명": "양파를 볶다가 불린 떡을 넣고 볶는다."
    },
    {
      "단계": 6,
      "설명": "달걀물, 소금을 넣고 빠르게 볶는다. 달걀이 너무 익지않게 주의한다."
    },
    {
      "단계": 7,
      "설명": "접시에 담아 후추를 충분히 뿌려 완성한다.",
      "도구": ["접시"]
    }
  ]
}
