{
  "제목": "백종원 꽁치김치찌개 끓이는 법",
  "설명": "꽁치김치찌개",
  "serving": "3인분",
  "조리시간": "90분 이내",
  "난이도": "아무나",
  "재료": {
    "필수재료": [
      {"이름": "꽁치통조림", "양": "1캔"},
      {"이름": "김치", "양": "1/4포기"},
      {"이름": "양파", "양": "1/2개"},
      {"이름": "대파", "양": "1/2대"},
      {"이름": "물", "양": "1캔"}
    ],
    "양념": [
      {"이름": "고춧가루", "양": "2스푼"},
      {"이름": "된장", "양": "0.3스푼"},
      {"이름": "다진 마늘", "양": "0.5스푼"},
      {"이름": "설탕", "양": "1스푼"},
      {"이름": "참기름", "양": "1스푼"}
    ]
  },
  "조리도구": [
    "팬",
    "칼",
    "도마"
  ],
  "조리순서": [
    {
      "단계": 1,
      "설명": "김치는 1/4포기를 준비해 먹기 좋게 썰어주고",
      "도구": ["칼", "도마"]
    },
    {
      "단계": 2,
      "설명": "대파는 송송 썰고, 양파는 채 썰어주세요. 매콤하게 드시려면 청양고추를 함께 넣어도 된답니다.",
      "도구": ["칼", "도마"]
    },
    {
      "단계": 3,
      "설명": "팬에 참기름 1을 두르고 썰어 놓은 김치를 넣고 달달 볶아주세요.",
      "도구": ["팬"]
    },
    {
      "단계": 4,
      "설명": "김치가 숨이 죽고 익기 시작하면 꽁치통조림 1캔을 모두 넣어주세요",
      "도구": ["팬"]
    },
    {
      "단계": 5,
      "설명": "이때 국물까지 모조리 넣어주는 게 나름 비법이랍니다. 국물 때문인지 간도 좋고 감칠맛도 생기더라고요.",
      "도구": ["팬"]
    },
    {
      "단계": 6,
      "설명": "그러고 나서 통조림 캔들 이용해 1캔 물을 계량해 넣어주세요. 김치 염도에 따라 물의 양이 달라질 수 있으니 참고하시고, 저는 1캔만 부어주었답니다.",
      "도구": ["팬"]
    },
    {
      "단계": 7,
      "설명": "그리고 설탕 1,다진 마늘 0.5, 된장 0.3을 넣어 주세요. 설탕은 김치 신맛을 줄여주는 역할을 하니 김치 익힘에 따라 조절해주시고 된장은 비린 맛을 잡아 주는 담당을 한답니다. 된장도 염도가 있으니 간에 따라 양을 조절해 주신 센스!",
      "도구": ["팬"]
    },
    {
      "단계": 8,
      "설명": "보글보글 찌개가 끓기 시작하면 미리 썰어둔 양피를 모두 넣어주세요.",
      "도구": ["팬"]
    },
    {
      "단계": 9,
      "설명": "그리고 고춧가루 2를 넣어 줍니다.",
      "도구": ["팬"]
    },
    {
      "단계": 10,
      "설명": "마지막에 대파를 넣어 한소끔 더 끓여 마무리해주세요.",
      "도구": ["팬"]
    },
    {
      "단계": 11,
      "설명": "백종원 꽁치김치찌개 완성 ^^",
      "도구": []
    }
  ]
}