{
  "제목": "꿀마늘 닭강정(아이들 단골메뉴 찜♡♡)",
  "설명": "닭봉조림 하나만 해 놓으면 아이들 밥상~~ 그냥 끝나죠!! 밥투정하는 아이들도 양손에 쥐고 뜯게되는 닭봉조림~ 건강을 생각해서 꿀과 마늘 듬뿍넣어봤어요 굿입니다^^",
  "serving": "4인분",
  "조리시간": "30분 이내",
  "난이도": "초급",
  "재료": {
    "주재료": [
      {"이름": "닭봉", "양": "500그램 (1팩)"},
      {"이름": "파프리카", "양": "조금"},
      {"이름": "소금", "양": "1작은술"}
    ],
    "양념": [
      {"이름": "간장", "양": "2숟가락"},
      {"이름": "설탕", "양": "2숟가락"},
      {"이름": "꿀", "양": "3숟가락"},
      {"이름": "마늘", "양": "15개"},
      {"이름": "후추가루", "양": "조금"}
    ]
  },
  "조리도구": [
    "볼",
    "팬",
    "뚜껑이 있는 냄비",
    "국자",
    "접시"
  ],
  "조리순서": [
    {
      "단계": 1,
      "설명": "닭봉에 소금 1작은술 넣어 조물조물한 후에 20분정도 둬요."
    },
    {
      "단계": 2,
      "설명": "끓는물에 데쳐요."
    },
    {
      "단계": 3,
      "설명": "팬에 간장, 설탕, 마늘넣고 내용물 반정도 잠기게 물을 넣어요."
    },
    {
      "단계": 4,
      "설명": "뚜껑닫고 국물 반정도 될때까지 중불정도에서 끓여요."
    },
    {
      "단계": 5,
      "설명": "뚜껑연채로 꿀 3숟가락, 후추가루 넣어요."
    },
    {
      "단계": 6,
      "설명": "국물이 없어지고 갈색될때까지 졸여요."
    },
    {
      "단계": 7,
      "설명": "파프리카넣어서 버물버물 마무리해요~ 저는 기본적으로 통깨 팍팍을 더 좋아해요~"
    }
  ]
}
