{
  "제목": "대박 맛집 김치찌개",
  "설명": "오늘은 얼큰하고~ 감칠맛나는 정말 맛있는 김치찌개 끓이는 법을 소개해 드리려고 합니다. 대박 맛집 김치찌개의 비법을 알려드려요!",
  "serving": "2인분",
  "조리시간": "60분 이내",
  "난이도": "아무나",
  "재료": {
    "필수재료": [
      {"이름": "김치", "양": "1/2포기"},
      {"이름": "포도씨유", "양": "1큰술"},
      {"이름": "깍두기국물", "양": "1/3컵"},
      {"이름": "대파", "양": "적당량"},
      {"이름": "두부", "양": "적당량"},
      {"이름": "물(멸치육수)", "양": "적당량"},
      {"이름": "참치", "양": "1캔"}
    ],
    "양념": [
      {"이름": "설탕", "양": "약간"},
      {"이름": "고춧가루", "양": "약간"},
      {"이름": "다진 마늘", "양": "1큰술"},
      {"이름": "멸치육수", "양": "적당량"}
    ]
  },
  "조리도구": [
    "냄비",
    "도마",
    "조리용나이프",
    "요리스푼",
    "밀폐용기"
  ],
  "조리순서": [
    {
      "단계": 1,
      "설명": "시간적인 여유가 있을 때 미리 김치볶음을 만들어 두세요."
    },
    {
      "단계": 2,
      "설명": "냄비에 큼직하게 썬 김치, 포도씨유 1큰술, 깍두기 국물 1/3컵을 넣고 볶아주세요. 설탕과 고춧가루를 약간 넣어주면 좋습니다."
    },
    {
      "단계": 3,
      "설명": "볶는 중간에 다진마늘 1큰술을 넣어주세요."
    },
    {
      "단계": 4,
      "설명": "김치가 타려고 하면 중불에서 물 혹은 멸치육수를 1컵 정도 부어준 후 가끔씩 저어가며 뚜껑을 덮고 30분 정도 푹 익혀줍니다."
    },
    {
      "단계": 5,
      "설명": "볶아둔 김치는 식힌 후 통에 담아 냉장고에서 최소 반나절 이상 숙성시켜 주세요."
    },
    {
      "단계": 6,
      "설명": "물 혹은 멸치육수를 냄비의 3/4 지점까지 부어준 뒤 끓여주세요. 볶은 김치를 넉넉히 넣어주세요."
    },
    {
      "단계": 7,
      "설명": "김치찌개가 끓으면 참치를 넣어주세요."
    },
    {
      "단계": 8,
      "설명": "김치찌개가 보글보글 끓으면 두부와 대파를 살짝 얹고 불을 끄세요."
    }
  ]
}