{
  "제목": "된장찌개 황금레시피 :-)",
  "설명": "누구나 좋아하는 한뚝배기 , 뜨끈뜨끈 보글보글 된장찌개\n대충 끓여도 먹을만 하지만 맛있게 끓이기는 생각보다 까다로운 된장찌개\n황금레시피 도움받아 맛있게 끓여보기 ★",
  "serving": "2인분",
  "조리시간": "30분 이내",
  "난이도": "초급",
  "재료": {
    "필수재료": [
      {"이름": "멸치육수", "양": "500ml"},
      {"이름": "감자 작은것", "양": "2알"},
      {"이름": "애호박", "양": "1/2토막"},
      {"이름": "양파", "양": "1/2토막"},
      {"이름": "두부", "양": "1/2모"},
      {"이름": "홍고추", "양": "2개"},
      {"이름": "대파", "양": "1뿌리"}
    ],
    "양념": [
      {"이름": "된장", "양": "1.5스푼"},
      {"이름": "고춧가루", "양": "1/2스푼"},
      {"이름": "다진마늘", "양": "1/2스푼"},
      {"이름": "꿀", "양": "1티스푼"}
    ]
  },
  "조리도구": [
    "뚝배기",
    "칼",
    "도마"
  ],
  "조리순서": [
    {
      "단계": 1,
      "설명": "들어갈 채소를 먹기좋게 잘라놓는다.",
      "팁": ""
    },
    {
      "단계": 2,
      "설명": "두부도 감자와 비슷한 크기로 썰어둔다.",
      "팁": ""
    },
    {
      "단계": 3,
      "설명": "뚝배기에 준비한 육수를 넣고 감자만 넣어 보글보글 끓여준다.",
      "팁": ""
    },
    {
      "단계": 4,
      "설명": "감자를 넣은 육수가 팔팔 끓으면 호박과 양파, 홍고추를 넣고 다시 끓여준다.",
      "팁": ""
    },
    {
      "단계": 5,
      "설명": "채소를 넣은 육수가 다시 팔팔 끓었을 때, 썰어둔 두부를 넣고 다시 끓인다.",
      "팁": ""
    },
    {
      "단계": 6,
      "설명": "두부를 넣고 다시 끓어오르면 된장을 풀어넣는다. 집마다 된장의 염도가 다르니 입맛에 따라 양 조절 필수 :-)",
      "팁": ""
    },
    {
      "단계": 7,
      "설명": "된장을 풀어넣고 된장찌개가 끓어오르면 불을 끈다.",
      "팁": ""
    },
    {
      "단계": 8,
      "설명": "꿀 1티스푼을 넣는다.",
      "팁": ""
    },
    {
      "단계": 9,
      "설명": "다진마늘 1/2스푼, 고춧가루 1/2스푼, 파를 넣고 섞어준다.",
      "팁": ""
    },
    {
      "단계": 10,
      "설명": "생생정보통 황금레시피로 끓여본 된장찌개 완성! 뚝배기에 끓여서 불을 꺼도 한동안 보글보글 먹음직스럽다.",
      "팁": ""
    }
  ],
  "팁": "된장을 마지막에 넣으면 텁텁한 맛이 없어져 깔끔한 된장찌개가 된다고 합니다.\n꿀을 넣으니 식당에서 파는 된장찌개처럼 살짝 달큰한 맛이 돌아 감칠맛이 느껴졌습니다."
}