{
  "제목": "백종원 감자탕, 돼지등뼈 없이 뒷다리살로 감자탕 만들기!",
  "설명": "남편과 백종원 유튜브 보다가 돼지등뼈없이 감자탕 만드는 법을 알게되었어요. 이 레시피대로 하면 돼지등뼈 없이 뒷다리살로 쉽고 맛있는 감자탕을 만들 수 있어요!",
  "serving": "3인분",
  "조리시간": "120분 이내",
  "난이도": "중급",
  "재료": {
    "필수재료": [
      {"이름": "돼지고기 뒷다리살", "양": "600g"},
      {"이름": "감자", "양": "2개"},
      {"이름": "대파", "양": "3개"},
      {"이름": "양파", "양": "1/2개"},
      {"이름": "깻잎", "양": "20장"},
      {"이름": "청양고추", "양": "3개"},
      {"이름": "된장", "양": "4.5큰술"},
      {"이름": "굵은 고춧가루", "양": "3큰술"},
      {"이름": "간마늘", "양": "2.5큰술"},
      {"이름": "들깨가루", "양": "4큰술"},
      {"이름": "고추장", "양": "1큰술"},
      {"이름": "후춧가루", "양": "약간"},
      {"이름": "물", "양": "17컵"}
    ],
    "선택재료": [
      {"이름": "소고기 다시다 또는 MSG", "양": "약간"}
    ]
  },
  "조리도구": [
    "냄비",
    "칼",
    "도마",
    "전골냄비"
  ],
  "조리순서": [
    {
      "단계": 1,
      "설명": "돼지고기 뒷다리살 600g을 큼지막하게 3등분하여 흐르는 물에 씻어 준비한다."
    },
    {
      "단계": 2,
      "설명": "냄비에 돼지고기 뒷다리살, 물 17컵, 된장 4.5큰술을 넣고 중불에서 1시간 20분 정도 끓인다.",
      "팁": "냉동 고기를 사용할 경우, 양파를 함께 넣고 삶아주세요."
    },
    {
      "단계": 3,
      "설명": "감자는 껍질을 벗겨 반으로 자르고, 양파는 채 썬다."
    },
    {
      "단계": 4,
      "설명": "대파는 길게 반으로 자른 후 6cm 길이로 자르고, 청양고추는 어슷 썬다."
    },
    {
      "단계": 5,
      "설명": "깻잎을 썬다."
    },
    {
      "단계": 6,
      "설명": "1시간 20분 후 감자, 고춧가루 3큰술, 고추장 1큰술을 넣는다."
    },
    {
      "단계": 7,
      "설명": "간마늘 2.5큰술을 넣는다."
    },
    {
      "단계": 8,
      "설명": "들깨가루 4큰술을 넣는다.",
      "팁": "소고기 다시다나 MSG를 넣으면 더 맛있다고 해요."
    },
    {
      "단계": 9,
      "설명": "양파와 대파를 넣고 20분 정도 더 끓인다.",
      "팁": "고명용으로 쓸 대파 파란 부분은 일부 남겨두세요."
    },
    {
      "단계": 10,
      "설명": "전골냄비에 옮겨 담고 남은 대파, 청양고추, 깻잎을 올리고 후춧가루를 뿌린다."
    },
    {
      "단계": 11,
      "설명": "야채가 어느 정도 익으면 먹기 시작한다."
    },
    {
      "단계": 12,
      "설명": "감자탕 소스는 진간장:물:식초:황설탕을 1:1:0.3:0.3 비율로 섞어 만든다.",
      "팁": "취향에 따라 연겨자를 넣어도 됩니다."
    },
    {
      "단계": 13,
      "설명": "완성된 감자탕을 즐긴다."
    }
  ]
}