{
  "제목": "신라면을 부드럽게 먹기! 로제신라면 ♥",
  "설명": "라면은 역시 辛라면! 매운 신라면을 부드럽게 먹는 방법! 우유와 소시지를 넣어 로제로 만들어요! 세상의모든레시피 만개의레시피",
  "serving": "1인분",
  "조리시간": "10분 이내",
  "난이도": "아무나",
  "재료": [
    {"이름": "신라면", "양": "1개"},
    {"이름": "우유", "양": "3종이컵"},
    {"이름": "고추장", "양": "1숟가락"},
    {"이름": "양파", "양": "1/4개"},
    {"이름": "비엔나소세지", "양": "6개"},
    {"이름": "슬라이스 치즈", "양": "1장"},
    {"이름": "파슬리가루", "양": "약간"}
  ],
  "조리도구": [
    "칼",
    "도마",
    "팬",
    "그릇",
    "주걱"
  ],
  "조리순서": [
    {
      "단계": 1,
      "설명": "양파는 채 썰고, 비엔나소세지는 칼집을 낸다. 원하는 소시지를 한 입 크기로 썰어 넣어도 좋아요.",
      "도구": ["칼", "도마"]
    },
    {
      "단계": 2,
      "설명": "팬에 우유를 붓고 고추장을 넣어 풀어주며 끓인다.",
      "도구": ["팬", "주걱"]
    },
    {
      "단계": 3,
      "설명": "끓어오르기 시작하면 라면, 라면스프, 양파, 소시지를 넣고 끓인다. 스프를 조금씩 넣으며 간을 맞춰요.",
      "도구": ["팬", "주걱"]
    },
    {
      "단계": 4,
      "설명": "슬라이스 치즈를 넣고 녹으면 그릇에 담고 파슬리가루를 뿌려 완성한다.",
      "도구": ["그릇"]
    }
  ]
}
