{
  "제목": "매콤 된장찌개, 채소와 두부만 넣은 초간단 초스피드 된장찌개",
  "설명": "고기와 곁들여 먹으면 좋은 가벼운 느낌의 된장찌개 입니다.",
  "serving": "2인분",
  "조리시간": "15분 이내",
  "난이도": "초급",
  "재료": {
    "필수재료": [
      {"이름": "느타리버섯", "양": "1줌"},
      {"이름": "양파", "양": "1/2개"},
      {"이름": "애호박", "양": "1/4개"},
      {"이름": "청양고추", "양": "2개"},
      {"이름": "두부", "양": "1/4모"},
      {"이름": "물", "양": "1.5종이컵"}
    ],
    "양념": [
      {"이름": "된장", "양": "2T"},
      {"이름": "진간장", "양": "1T"},
      {"이름": "고추가루", "양": "1.5T"},
      {"이름": "다진마늘", "양": "0.5T"},
      {"이름": "설탕", "양": "0.5티스푼"},
      {"이름": "소금", "양": "간맞추기"}
    ]
  },
  "조리도구": [
    "뚝배기",
    "나무도마",
    "요리나이프"
  ],
  "조리순서": [
    {
      "단계": 1,
      "설명": "물1.5종이컵에 된장,고추가루,다진마늘,설탕,간장을 한데넣고 한소끔 끓여줍니다."
    },
    {
      "단계": 2,
      "설명": "그사이 양파,버섯,애호박,청양고추,두부는 적당한 크기로 썰어줍니다."
    },
    {
      "단계": 3,
      "설명": "한소끔 끓은 된장물에 양파,버섯,애호박,청양고추,두부를 넣어 줍니다."
    },
    {
      "단계": 4,
      "설명": "애호박이 익을때까지 끓여주어 간을보아 부족한간은 소금으로 해주어 완성. 저는 부족한간이 없어 소금은 넣지 않았습니다."
    }
  ]
}