{
  "제목": "무조림 만들기",
  "설명": "무조림 만들기",
  "serving": "",
  "조리시간": "",
  "난이도": "아무나",
  "재료": {
    "주재료": [
      {"이름": "무", "양": "일반사이즈 1개 또는 작은사이즈 2개"}
    ],
    "양념": [
      {"이름": "고추장", "양": "3밥숟가락"},
      {"이름": "고춧가루", "양": "4밥숟가락"},
      {"이름": "진간장", "양": "4밥숟가락"},
      {"이름": "국간장", "양": "2밥숟가락"},
      {"이름": "다진마늘", "양": "2밥숟가락"},
      {"이름": "설탕", "양": "2밥숟가락"},
      {"이름": "된장", "양": "1티스푼"},
      {"이름": "멸치육수", "양": "4~5종이컵"}
    ]
  },
  "조리도구": [
    "도마",
    "조리용나이프",
    "냄비",
    "조리용스푼",
    "찬기"
  ],
  "조리순서": [
    {
      "단계": 1,
      "설명": "먼저 무를 물이 찰랑찰랑 담길정도 물을 부어 속이 익을 수 있게 끓여주세요. 무 속이 반 이상 익어야 해요.",
      "도구": ["도마", "조리용나이프", "냄비"]
    },
    {
      "단계": 2,
      "설명": "무 익힌 물은 따라내고 육수를 부어주시거나 아니면 끓인 물 그대로 만들어도 상관은 없어요. 육수가 맛있으니까 저는 이렇게 하는 편이예요. 무가 살짝 잠길 정도의 육수 양입니다."
    },
    {
      "단계": 3,
      "설명": "이제 분량의 양념을 넣고 센불에 보글보글 끓이다가 끓어오르면 중약불로 줄여 은근히 졸여내 주세요.",
      "도구": ["조리용스푼"]
    },
    {
      "단계": 4,
      "설명": "무가 뭉근하게 익고 양념이 잘 배어들면 됩니다. 무조림 참 쉽죠? 매운 거 좋아하는 저는 청량고추 퐈퐈~ 이웃님도 맛있는 무조림 만들어 드세요~",
      "도구": ["찬기"]
    }
  ]
}
