{
  "제목": "백종원 새마을식당 7분김치찌개 만드는 법",
  "설명": "밥도둑이 따로 없는 새마을식당 7분김치찌개 만들기 시작해볼까요? (7분 김치찌개지만 양이 많아서 20분 정도 소요되니 참고하세요 ^^)",
  "serving": "4인분",
  "조리시간": "30분 이내",
  "난이도": "초급",
  "재료": {
    "필수재료": [
      {"이름": "묵은지", "양": "1/4포기"},
      {"이름": "돼지고기", "양": "150g"},
      {"이름": "쌀뜨물", "양": "4컵"},
      {"이름": "된장", "양": "0.5큰술"},
      {"이름": "청양고추", "양": "1개"},
      {"이름": "다진마늘", "양": "1큰술"},
      {"이름": "고춧가루", "양": "2큰술"},
      {"이름": "대파", "양": "적당량"},
      {"이름": "국간장", "양": "1큰술"},
      {"이름": "새우젓", "양": "1큰술"}
    ],
    "선택재료": [
      {"이름": "팽이버섯", "양": "약간"}
    ]
  },
  "조리도구": [
    "믹싱볼",
    "도마",
    "조리용나이프",
    "냄비",
    "요리스푼",
    "국자",
    "대접"
  ],
  "조리순서": [
    {
      "단계": 1,
      "설명": "먼저 속을 털어낸 묵은지 1/4포기를 잘게 썰어서 준비하구요. 돼지고기도 한 컵 준비해요. 그리고 대파와 청양고추도 송송 썰어 준비합니다. ++ 김치와 돼지고기의 비율은 3:1 ++",
      "팁": "김치와 돼지고기의 비율은 3:1로 맞춰주세요."
    },
    {
      "단계": 2,
      "설명": "냄비에 쌀뜨물 4컵과 돼지고기 1컵을 넣어주시구요. 김치찌개의 깊은 맛과 돼지고기의 잡내 제거를 위해 된장도 반 큰 술도 넣어줍니다. 그리고 쌀뜨물이 끓으면서 떠오르는 불순물과 거품은 모두 건져주세요.",
      "팁": "된장을 넣으면 김치찌개의 깊은 맛이 나고 돼지고기의 잡내를 제거할 수 있습니다."
    },
    {
      "단계": 3,
      "설명": "돼지기름이 국물에 충분히 우러나온 것 같다 싶으면 잘게 썰어둔 묵은지를 투척-"
    },
    {
      "단계": 4,
      "설명": "고춧가루 2 큰 술과 다진 마늘 1 큰 술, 국간장 1 큰 술을 넣어주시구요. 간은 새우젓으로!",
      "팁": "간은 새우젓으로 맞춰주세요."
    },
    {
      "단계": 5,
      "설명": "맛이 2%가 부족한 것 같다면 김치 국물을 3-4 큰 술 넣어주셔도 좋아요. 어슷 썬 청양고추 1개도 넣고 - 저는 팽이버섯도 조금 넣어줬어요.",
      "팁": "맛이 부족하다면 김치 국물을 추가로 넣어주세요."
    },
    {
      "단계": 6,
      "설명": "마지막으로 대파까지 올려주면 백종원 새마을식당 7분 김치찌개 만드는 법, 끝!"
    },
    {
      "단계": 7,
      "설명": "김치 국물에 돼지기름이 보이시나요? 이게 바로 7분 김치찌개의 포인트라고 하죠! ㅎㅎㅎㅎ",
      "팁": "김치 국물에 돼지기름이 보이는 것이 7분 김치찌개의 특징입니다."
    },
    {
      "단계": 8,
      "설명": "아 정말 맛있게 먹었어요 ㅠㅠ 신랑도 입맛에 딱 맞았는지 김치찌개 건더기를 폭풍 흡입하더니 남은 국물에 라면사리 하나를 끓여먹더라니까요 ㅋㅋㅋㅋㅋㅋㅋ 신랑의 이런 적극적인 모습을 넘 오래간만에 봐서 저도 한 젓가락 뺏어 먹었다는 건 비밀 ㅋㅋㅋㅋㅋ 새마을식당 7분 김치찌개 그리운 분들 꼭 한 번 끓여드셔보세요! 단, 김치가 맛있어야 김치찌개도 맛있다는 거-",
      "팁": "맛있는 김치를 사용해야 맛있는 김치찌개를 만들 수 있습니다."
    }
  ]
}