{
  "제목": "백주부 갈비탕",
  "설명": "백주부 레시피로 시원한 갈비탕을 만들어봅시다.",
  "serving": "2인분",
  "조리시간": "60분 이내",
  "난이도": "중급",
  "재료": {
    "필수재료": [
      {"이름": "갈비", "양": "1kg"},
      {"이름": "무", "양": "1토막 (10cm)"},
      {"이름": "대파", "양": "3대"},
      {"이름": "양파", "양": "1개"},
      {"이름": "통마늘", "양": "10개"},
      {"이름": "생강", "양": "1/2쪽"},
      {"이름": "대추", "양": "약간"},
      {"이름": "불린당면", "양": "약간"},
      {"이름": "다진마늘", "양": "2큰술"},
      {"이름": "송송썬대파", "양": "적당량"}
    ],
    "양념": [
      {"이름": "국간장", "양": "적당량"},
      {"이름": "소금", "양": "약간"}
    ]
  },
  "조리도구": [
    "큰 냄비",
    "체",
    "칼",
    "도마",
    "냉장고",
    "개인 뚝배기"
  ],
  "조리순서": [
    {
      "단계": 1,
      "설명": "갈비는 5-6시간 동안 찬물에 담가 핏물을 빼주세요. 중간중간 물을 갈아주면 더 좋습니다.",
      "팁": "핏물 제거는 누린내를 없애는 중요한 과정입니다."
    },
    {
      "단계": 2,
      "설명": "큰 냄비에 갈비와 물을 1:3 비율로 넣고 끓이세요.",
      "팁": "물의 양이 너무 많으면 국물이 싱겁고, 적으면 갈비의 양이 아까울 수 있습니다."
    },
    {
      "단계": 3,
      "설명": "끓기 시작하면 거품을 걷어내세요."
    },
    {
      "단계": 4,
      "설명": "센 불에서 끓이다가 끓기 시작하면 약불로 줄여 2시간 이상 끓이세요. 양파, 대파, 마늘, 생강 등을 건져내세요."
    },
    {
      "단계": 5,
      "설명": "갈비와 무를 건져내고 국물을 식혀 냉장고에서 반나절 정도 굳혀 기름을 걷어내세요."
    },
    {
      "단계": 6,
      "설명": "대파는 송송 썰고 무도 썰어주세요. 당면은 물에 불린 후 준비하세요.",
      "팁": "개인 뚝배기에 담아 한번 더 끓이면 됩니다."
    }
  ]
}