{
  "제목": "감자탕, 알배추를 넣은 감자탕",
  "설명": "밥숟가락 계량입니다.",
  "serving": "2인분",
  "조리시간": "2시간 이상",
  "난이도": "초급",
  "재료": {
    "필수재료": [
      {"이름": "돼지등뼈", "양": "1kg"},
      {"이름": "알배추 잎", "양": "10장"},
      {"이름": "감자", "양": "2개"},
      {"이름": "대파흰부분", "양": "3대"},
      {"이름": "깻잎", "양": "10장"},
      {"이름": "월계수잎", "양": "3장"},
      {"이름": "커피 가루", "양": "2티스푼"},
      {"이름": "소주", "양": "약간"}
    ],
    "양념": [
      {"이름": "물", "양": "8종이컵"},
      {"이름": "된장", "양": "4T"},
      {"이름": "고추장", "양": "1T"},
      {"이름": "맛술", "양": "3T"},
      {"이름": "간장", "양": "2T"},
      {"이름": "청양고추가루", "양": "3T"},
      {"이름": "다진마늘", "양": "1.5T"},
      {"이름": "후추", "양": "5번"},
      {"이름": "생강가루", "양": "약간"},
      {"이름": "들깨가루", "양": "3T"},
      {"이름": "소금", "양": "1t"}
    ]
  },
  "조리도구": [
    "냄비",
    "볼",
    "칼",
    "도마",
    "전자레인지"
  ],
  "조리순서": [
    {
      "단계": 1,
      "설명": "돼지등뼈는 물에 3시간이상 담가 핏기를 빼줍니다. 이때 중간중간 물을 갈아줍니다."
    },
    {
      "단계": 2,
      "설명": "핏물뺀 등뼈에 물을 넣고 소주,월계수잎,커피가루를 더해 10여분 끓여 불순물과 잡내를 없애줍니다."
    },
    {
      "단계": 3,
      "설명": "깨끗한물로 헹구어 돼지등뼈를 준비합니다."
    },
    {
      "단계": 4,
      "설명": "된장,고추장,간장,맛술,다진마늘,고추가루,후추,생강가루를 넣어 양념장을 만들어줍니다."
    },
    {
      "단계": 5,
      "설명": "냄비에 등뼈와 물8종이컵, 양념장을 넣어 중불에서 1시간정도 끓여줍니다."
    },
    {
      "단계": 6,
      "설명": "알배추는 끓는물에 넣어 숨이 죽을때까지 데쳐줍니다."
    },
    {
      "단계": 7,
      "설명": "데친 알배추는 한김 식혀 손으로 찢어 줍니다."
    },
    {
      "단계": 8,
      "설명": "감자,대파,깻잎은 적당한 크기로 잘라줍니다."
    },
    {
      "단계": 9,
      "설명": "1시간여 끓은 등뼈에 데친알배추와 감자를 넣어 감자가 익을때 까지 끓여줍니다."
    },
    {
      "단계": 10,
      "설명": "대파와 깻잎을 넣어 한소끔 끓입니다. 이때 간을 보아 부족한 간은 소금으로 해줍니다. 저는 꽃소금1티스푼 넣었습니다."
    },
    {
      "단계": 11,
      "설명": "기호에 따라 들깨가루를 넣어 완성."
    }
  ],
  "팁": "약불에 끓이면서 드시면 좋습니다."
}