{
  "제목": "차돌박이 된장찌개 레시피ㅣ고깃집에서 먹던 바로 그 맛!ㅣ",
  "설명": "맛있는 차돌박이 된장찌개!",
  "serving": "2인분",
  "조리시간": "30분 이내",
  "난이도": "중급",
  "재료": {
    "주재료": [
      {"이름": "차돌박이", "양": "120g"},
      {"이름": "두부", "양": "1/2모"},
      {"이름": "애호박", "양": "1/3개"},
      {"이름": "양파", "양": "1/2개"},
      {"이름": "대파", "양": "1/4개"},
      {"이름": "청양고추", "양": "2개"},
      {"이름": "팽이버섯", "양": "1/3개"}
    ],
    "양념": [
      {"이름": "된장", "양": "2큰술"},
      {"이름": "고추장", "양": "1/2큰술"},
      {"이름": "국간장", "양": "1/2큰술"},
      {"이름": "고춧가루", "양": "1/2큰술"},
      {"이름": "다진 마늘", "양": "1/2큰술"},
      {"이름": "해물다시팩", "양": "1개"}
    ]
  },
  "조리도구": [
    "뚝배기 또는 냄비",
    "칼",
    "도마",
    "키친타올"
  ],
  "조리순서": [
    {
      "단계": 1,
      "설명": "재료를 준비 해주세요."
    },
    {
      "단계": 2,
      "설명": "양념을 준비 해주세요."
    },
    {
      "단계": 3,
      "설명": "양파를 8등분으로 썰어주세요"
    },
    {
      "단계": 4,
      "설명": "애호박도 비슷한 크기로 썰어주세요"
    },
    {
      "단계": 5,
      "설명": "파도 얇게 썰어주세요. 찌개류는 파 뿌리에 가까운 몸통 쪽을 사용하셔야 잡내도 잡아주고 풍미도 깊어져요"
    },
    {
      "단계": 6,
      "설명": "청양고추도 송송 썰어주세요. 매운 맛을 싫어하시거나 아이가 있는 가정은 생략하셔도 돼요"
    },
    {
      "단계": 7,
      "설명": "두부도 먹기 좋은 크기로 썰어주세요"
    },
    {
      "단계": 8,
      "설명": "팽이버섯은 밑동만 잘라주세요"
    },
    {
      "단계": 9,
      "설명": "뚝배기나 냄비에 물 500ml를 부어주세요"
    },
    {
      "단계": 10,
      "설명": "저는 해물다시팩을 사용했는데, 쌀뜨물을 사용하시거나 다시마, 멸치 등으로 육수를 만드셔도 돼요"
    },
    {
      "단계": 11,
      "설명": "육수가 충분히 우러나면 해물다시팩을 건져냅니다"
    },
    {
      "단계": 12,
      "설명": "그리고 된장 2큰술을 풀어줍니다"
    },
    {
      "단계": 13,
      "설명": "고추장도 1/2큰술 풀어줄게요"
    },
    {
      "단계": 14,
      "설명": "물이 끓어오르면 애호박과 양파를 넣어주세요"
    },
    {
      "단계": 15,
      "설명": "그리고 이 때 간을 한 번 보시고 국간장을 넣어주세요. 약간 짭짤하다 싶어야 밥과 함께 먹었을 때 간이 맞답니다"
    },
    {
      "단계": 16,
      "설명": "이어서 고춧가루 1/2큰술과 다진마늘 1/2큰술도 넣어줄게요"
    },
    {
      "단계": 17,
      "설명": "찌개가 한 번 더 끓어오르면 두부와 차돌박이를 넣어주세요. 차돌박이는 키친타올로 핏기만 제거했어요"
    },
    {
      "단계": 18,
      "설명": "중간 중간 기름과 거품을 걷어 내주세요"
    },
    {
      "단계": 19,
      "설명": "차돌박이가 거의 익었다 싶으면 마지막으로 팽이버섯과 파, 고추를 넣어주세요"
    },
    {
      "단계": 20,
      "설명": "차돌박이 된장찌개 완성!"
    },
    {
      "단계": 21,
      "설명": "된장과 고추장의 조합으로 깊으면서도 감칠맛이 나고 차돌박이의 담백함이 그대로 느껴지는 맛이에요~!"
    }
  ]
}