{
  "제목": "한국라면으로 일본라멘 만들기, 초간단 야매 미소라멘 레시피",
  "설명": "집에서 미소라멘을 만들어 볼까 했는데, 생각보다 엄-청 복잡하더라고요. 이렇게 복잡한 요리는 제 취향이 아니라 한국 라면과 우유 그리고 된장을 가지고 야매 미소라멘을 만들어 보았답니다!",
  "serving": "1인분",
  "조리시간": "15분 이내",
  "난이도": "아무나",
  "재료": [
    {"이름": "라면", "양": "1봉지"},
    {"이름": "물", "양": "250ml"},
    {"이름": "우유", "양": "250ml"},
    {"이름": "다시마", "양": "2조각"},
    {"이름": "된장", "양": "1큰술"},
    {"이름": "고춧가루", "양": "1/2큰술"},
    {"이름": "숙주", "양": "1줌"}
  ],
  "조리도구": [
    "냄비",
    "국자",
    "체",
    "계량컵",
    "계량스푼"
  ],
  "조리순서": [
    {
      "단계": 1,
      "설명": "다시마는 먼지를 가볍게 턴 뒤 물 250ml에 넣어 10분간 우려냅니다. 다시마를 건져내면 다시마물이 완성됩니다."
    },
    {
      "단계": 2,
      "설명": "냄비에 다시마물 250ml와 우유 250ml를 넣습니다."
    },
    {
      "단계": 3,
      "설명": "된장 1큰술, 고춧가루 1/2큰술, 라면 스프 2/3봉을 추가로 넣고 잘 저어주면서 끓입니다."
    },
    {
      "단계": 4,
      "설명": "물이 보글보글 끓어오르면 면과 건더기 스프, 그리고 건져둔 다시마를 넣고 끓입니다."
    },
    {
      "단계": 5,
      "설명": "불을 끄기 30초 전 숙주를 넣고 마무리하면 야매 미소라멘이 완성됩니다."
    }
  ]
}
