{
 "제목": "갈비탕, (시간만 충분하다면)초간단 갈비탕",
 "설명": "제목처럼 시간만 충분하다면 쉽게 할 수 있는 뜨끈하고 맛있는 갈비탕 입니다.",
 "serving": "2인분",
 "조리시간": "2시간 이상",
 "난이도": "초급",
 "재료": {
   "필수재료": [
     {"이름": "갈비탕용 소고기", "양": "1kg"},
     {"이름": "무", "양": "1토막"},
     {"이름": "대파 흰부분", "양": "5대"},
     {"이름": "양파", "양": "1/2개"},
     {"이름": "당면", "양": "1줌"}
   ],
   "양념": [
     {"이름": "물", "양": "12종이컵"},
     {"이름": "맛술", "양": "3T"},
     {"이름": "꽃소금", "양": "3티스푼"},
     {"이름": "간장", "양": "2T"},
     {"이름": "다진마늘", "양": "1T"},
     {"이름": "자른대파", "양": "1/2뿌리"},
     {"이름": "후추", "양": "약간"}
   ]
 },
 "조리도구": [
   "큰 냄비",
   "채칼",
   "면보",
   "주방용 가위"
 ],
 "조리순서": [
   {
     "단계": 1,
     "설명": "고기는 물에 담가 소주를 휘~ 둘러 3시간이상 담가 핏기를 빼줍니다. 물은 2-3차례 갈아주세요."
   },
   {
     "단계": 2,
     "설명": "당면은 물에 불려둡니다."
   },
   {
     "단계": 3,
     "설명": "핏기뺀 고기에 물을 넣고 10분정도 끓여 불순물을 빼내어 줍니다."
   },
   {
     "단계": 4,
     "설명": "고기는 물로 깨끗이 씻어 준비합니다."
   },
   {
     "단계": 5,
     "설명": "육수내기용 양파,대파,무를 준비해줍니다. 저는 다시팩에 대파와 양파를 넣었습니다."
   },
   {
     "단계": 6,
     "설명": "고기에 물 9종이컵을 넣고 육수내기용 통대파,통양파, 통무,맛술을 넣어 센불에서 5분정도 끓여줍니다."
   },
   {
     "단계": 7,
     "설명": "중불로 바꾸어 30분정도 끓여줍니다."
   },
   {
     "단계": 8,
     "설명": "물 3종이컵을 더 넣고 중약불로 바꾸어 1시간30분정도 끓여줍니다."
   },
   {
     "단계": 9,
     "설명": "육수내기용 무,파,양파를 거둬내 버리고 면보등을 이용하여 맑은 국물만 남도록합니다."
   },
   {
     "단계": 10,
     "설명": "당면,대파,간장,다진마늘,소금을 넣어 당면이 익을때 까지 끓여줍니다. 불은 당면이라 금새 익습니다."
   },
   {
     "단계": 11,
     "설명": "그릇에 담아내고 취향에 따라 후추와 파를 추가하여 완성."
   }
 ],
 "팁": "육수에 넣었던 통무를 먹기좋게 잘라 갈비탕에 넣어주어도 좋아요. 소금은 기호에 맞게 조절해서 넣으세요."
}