{
  "제목": "검은빛의 유혹, 짜장면~^^",
  "설명": "아이들의 단골메뉴 짜장면 ~^^ 반찬이 필요없는 한그릇 밥상입니다.",
  "serving": "4인분",
  "조리시간": "60분 이내",
  "난이도": "중급",
  "재료": {
    "주재료": [
      {"이름": "돼지고기", "양": "400g"},
      {"이름": "양파 중", "양": "2개"},
      {"이름": "양배추", "양": "1/4개"},
      {"이름": "호박", "양": "1/2개"},
      {"이름": "당근", "양": "1/2개"},
      {"이름": "완두콩", "양": "약간"},
      {"이름": "칼국수면", "양": "500g"}
    ],
    "양념": [
      {"이름": "짜장가루", "양": "1컵"},
      {"이름": "포도씨유", "양": "1/2컵"},
      {"이름": "생강즙", "양": "1/2스푼"},
      {"이름": "간마늘", "양": "1/2스푼"}
    ]
  },
  "조리도구": [
    "칼",
    "도마",
    "후라이팬",
    "냄비",
    "체",
    "그릇"
  ],
  "조리순서": [
    {
      "단계": 1,
      "설명": "양배추, 양파, 당근, 호박을 잘게 썰어 놓습니다."
    },
    {
      "단계": 2,
      "설명": "포도씨유를 넣어 뜨겁게 달군 후라이팬에 돼지고기를 튀기듯 볶다가 생강청(생강즙)과 간마늘을 넣어줍니다(고기냄새 제거)."
    },
    {
      "단계": 3,
      "설명": "잘볶아진 돼지고기에 양파를 넣어 볶습니다. 양파가 갈색이 날때까지 볶습니다. 양파의 풍미가 살아나요."
    },
    {
      "단계": 4,
      "설명": "준비한 야채들도 넣어 잘 볶아줍니다."
    },
    {
      "단계": 5,
      "설명": "야채가 숨이죽고 수분이 나오면 짜장가루를 조금씩 나눠 넣으며 덩어리지지않게 볶아줍니다."
    },
    {
      "단계": 6,
      "설명": "짜장이 너무 되면 물을 반컵만 넣어 짜장을 완성합니다."
    },
    {
      "단계": 7,
      "설명": "냄비에 물을 넉넉히 붓고 칼국수면을 삶아줍니다."
    },
    {
      "단계": 8,
      "설명": "잘 삶아진 면을 건져 그릇에 담고 짜장을 올려 짜장면을 완성합니다. 삶은 완두콩도 올려 더욱 맛나게 보입니다."
    }
  ]
}
